order_id,product_id,customer_id,quantity,price,order_date
1001,501,2001,3,19.99,2024-01-01
1002,502,2002,1,5.49,2024-01-01
1003,503,2003,4,12.75,2024-01-02
1004,501,2004,2,19.99,2024-01-02
1005,504,2005,6,3.25,2024-01-03
1006,505,2006,0,abc,2024-01-03
1007,506,2007,8,14.50,2024-01-04
1008,507,2008,2,,2024-01-04
1009,508,2009,5,7.99,2024-01-05
1010,509,2010,3,-9.99,2024-01-05
1011,510,2011,10,33.25,invalid_date
1012,511,2012,1,44.10,2024-01-06
1013,512,2013,7,15.00,2024-01-06
1014,513,2014,9,88.75,2024-01-07
1015,514,2015,2,99.99,2024-01-07
1016,515,2016,4,120.00,2024-01-08
1017,516,2017,3,17.50,2024-01-08
1018,517,2018,6,22.00,2024-01-09
1019,518,2019,1,199.99,2024-01-09
1020,519,2020,12,3.99,2024-01-10
1021,501,2001,7,14.99,2024-01-10
1022,502,2002,2,8.75,2024-01-11
1023,503,2003,5,22.10,2024-01-11
1024,504,2004,3,17.00,2024-01-12
1025,505,2005,9,44.99,2024-01-12
1026,506,2006,1,abc,2024-01-13
1027,507,2007,4,55.25,2024-01-13
1028,508,2008,6,,2024-01-14
1029,509,2009,8,12.00,2024-01-14
1030,510,2010,2,-5.00,2024-01-15
